customerid,name,address,city,state,pincode
1,Robert Garcia,87967 Jensen Hills Apt. 109
Jorgeberg, PA 90988,North Kevinshire,Oregon,55232
2,Monica Bennett,929 Miller Stream
Watsonport, ND 25951,East Gregory,Alaska,62077
3,Yolanda Mejia,483 Marissa Brook
West Randyville, AL 68435,Brownstad,Tennessee,32689
4,Leslie Dickson,40226 Morales Bridge
Davidberg, SD 95200,Pittsborough,Arizona,29162
5,Catherine Wilson,41842 Robin Hills Apt. 894
Amyville, MO 62527,North Rhonda,Hawaii,69423
6,Catherine Allen,PSC 3993, Box 5519
APO AP 40441,West Margaretmouth,Missouri,28613
7,John Shepherd,797 Garcia Street Apt. 633
West Christina, MN 79183,Carlaland,Maryland,58018
8,Dr. Nicole Brown,6027 Allen Plains
Andersonchester, NE 69027,Kaylaview,Washington,62551
9,Joseph Arellano,6826 Armstrong Greens Suite 680
Zavalafort, NJ 61423,Proctorton,Montana,75050
10,Vanessa Ford,5606 Romero Flat
Samanthahaven, NJ 48582,Bernardland,Florida,77021
11,Bernard Benson,Unit 0788 Box 9111
DPO AA 17807,West Lisa,Georgia,67921
12,Juan Martin,38820 Dawson Plains Suite 185
New Joseph, KS 94694,North Kristopherville,Michigan,96374
13,Amber Keller,9164 Kayla Drive Apt. 946
South Patriciahaven, NV 19692,Williamston,Arkansas,08917
14,Peter Blair,75834 Christina Trafficway Apt. 823
West Ashleyton, TX 42137,West Diana,Vermont,81681
15,Brian Thompson,06893 Stewart Land
Jenniferstad, LA 45522,Henrystad,Illinois,66158
16,James Fields,94732 Karen Centers Apt. 266
Lake Anthony, MO 99335,Lake Jared,Kansas,94187
17,Abigail Davidson,17119 Crystal Parkway Suite 595
Wilkinsonberg, ME 34708,East Kimborough,Delaware,89988
18,Alyssa Cunningham,0525 Evans Forges
South Jenniferfurt, MO 57554,South Amber,West Virginia,64461
19,Alexander Wright,5740 Audrey Greens
Kennethport, ME 10408,Gutierrezside,Vermont,76502
20,Christopher Villarreal,971 Amber Street Apt. 742
West Erica, NM 79243,Benjaminview,Oklahoma,65303
